{
  "model_type": "Negative Binomial GLM",
  "outcome": "SuicideDeaths",
  "n_obs": 6379,
  "coefficients": {
    "Intercept": -7.6497693574444865,
    "C(Year)[T.2019]": -0.009254425359565471,
    "C(Year)[T.2020]": -0.10543533816347611,
    "C(Year)[T.2021]": 0.059538668652386356,
    "C(Year)[T.2022]": 0.15578459257916363,
    "C(Year)[T.2023]": 0.16748041075920117,
    "RepublicanMargin": -0.0007721944485833548,
    "UnemploymentRate": 0.029268719888252304,
    "PovertyRate": -0.01468912270925525,
    "MedianIncome": -7.976939308449041e-06,
    "BachelorsOrHigher": -0.004538060152118332,
    "WhiteAlone": -0.0025852229322991544,
    "BlackAlone": -0.01045264582753149,
    "HispanicLatino": -0.006317735396327108
  },
  "p_values": {
    "Intercept": 5.0594198107376234e-166,
    "C(Year)[T.2019]": 0.8492230733868018,
    "C(Year)[T.2020]": 0.09466203906346952,
    "C(Year)[T.2021]": 0.22488006586175946,
    "C(Year)[T.2022]": 0.0018546660108378135,
    "C(Year)[T.2023]": 0.001151263827796071,
    "RepublicanMargin": 0.2972622883816336,
    "UnemploymentRate": 0.011912153544344786,
    "PovertyRate": 0.012876450997359942,
    "MedianIncome": 1.4022215557951026e-05,
    "BachelorsOrHigher": 0.07597620114858186,
    "WhiteAlone": 0.176907230550699,
    "BlackAlone": 3.3644879455699546e-07,
    "HispanicLatino": 9.577920647059742e-07
  },
  "aic": 47682.71482428404
}