{
  "model_type": "Negative Binomial GLM",
  "outcome": "DrugDeaths",
  "n_obs": 6379,
  "coefficients": {
    "Intercept": -8.89418041059577,
    "C(Year)[T.2019]": 0.060587084803288255,
    "C(Year)[T.2020]": -0.09694758222688155,
    "C(Year)[T.2021]": 0.37128551874707505,
    "C(Year)[T.2022]": 0.5685313851349372,
    "C(Year)[T.2023]": 0.5216720363244189,
    "RepublicanMargin": -0.007090648863270566,
    "UnemploymentRate": 0.11231020691274429,
    "PovertyRate": 0.00667454562800486,
    "MedianIncome": -1.6128359554754516e-06,
    "BachelorsOrHigher": -0.011913282476297887,
    "WhiteAlone": 0.006738723269930488,
    "BlackAlone": 0.0025549451919707356,
    "HispanicLatino": -0.012680309593544
  },
  "std_errors": {
    "Intercept": 0.2714831639799259,
    "C(Year)[T.2019]": 0.048367634835947464,
    "C(Year)[T.2020]": 0.062401249806874705,
    "C(Year)[T.2021]": 0.04849382669899854,
    "C(Year)[T.2022]": 0.04944791462580697,
    "C(Year)[T.2023]": 0.05089571107221998,
    "RepublicanMargin": 0.0007333936081308576,
    "UnemploymentRate": 0.011446561263753032,
    "PovertyRate": 0.005652436142833114,
    "MedianIncome": 1.7830180308293641e-06,
    "BachelorsOrHigher": 0.0025126410382724203,
    "WhiteAlone": 0.0018890900297308785,
    "BlackAlone": 0.0020037776340143198,
    "HispanicLatino": 0.001280515101201607
  },
  "p_values": {
    "Intercept": 2.0863680222236474e-235,
    "C(Year)[T.2019]": 0.2103378746288096,
    "C(Year)[T.2020]": 0.12027603241542653,
    "C(Year)[T.2021]": 1.912978198735447e-14,
    "C(Year)[T.2022]": 1.3566495097139051e-30,
    "C(Year)[T.2023]": 1.1856029239630187e-24,
    "RepublicanMargin": 4.112634214868255e-22,
    "UnemploymentRate": 1.0026653918965306e-22,
    "PovertyRate": 0.2376717078097752,
    "MedianIncome": 0.36570175483683365,
    "BachelorsOrHigher": 2.1231053542870296e-06,
    "WhiteAlone": 0.00036084428011800375,
    "BlackAlone": 0.20228650775621804,
    "HispanicLatino": 4.0596897071114417e-23
  },
  "conf_int_lower": {
    "Intercept": -9.426277634405405,
    "C(Year)[T.2019]": -0.03421173749255366,
    "C(Year)[T.2020]": -0.21925178443864296,
    "C(Year)[T.2021]": 0.276239364944511,
    "C(Year)[T.2022]": 0.4716152533577441,
    "C(Year)[T.2023]": 0.4219182756553113,
    "RepublicanMargin": -0.008528073921698928,
    "UnemploymentRate": 0.08987535908895707,
    "PovertyRate": -0.004404025636860542,
    "MedianIncome": -5.107487079686533e-06,
    "BachelorsOrHigher": -0.01683796841738916,
    "WhiteAlone": 0.003036174848104266,
    "BlackAlone": -0.0013723868037242128,
    "HispanicLatino": -0.015190073073558812
  },
  "conf_int_upper": {
    "Intercept": -8.362083186786133,
    "C(Year)[T.2019]": 0.15538590709913017,
    "C(Year)[T.2020]": 0.025356619984879883,
    "C(Year)[T.2021]": 0.4663316725496391,
    "C(Year)[T.2022]": 0.6654475169121302,
    "C(Year)[T.2023]": 0.6214257969935266,
    "RepublicanMargin": -0.005653223804842203,
    "UnemploymentRate": 0.13474505473653153,
    "PovertyRate": 0.017753116892870263,
    "MedianIncome": 1.8818151687356298e-06,
    "BachelorsOrHigher": -0.006988596535206616,
    "WhiteAlone": 0.01044127169175671,
    "BlackAlone": 0.006482277187665684,
    "HispanicLatino": -0.010170546113529187
  },
  "aic": 53379.91999190193,
  "bic": -53263.88596316021
}